,Channel Name,Video Name,URL,Seconds
0,Storyful Viral,Drone Captures Shark Coming Close to Swimmers on WA Coast,https://www.youtube.com/watch?v=qCwmAO9jEAg,
1,Die Hard Fishing,EPIC Drone Footage of GREAT WHITE SHARKS Along California Coastline,https://www.youtube.com/watch?v=9NC7BQY7Hrg,
2,The Rogue Droner,WHITE SHARK STALKS SURFERS - Shark Drone Footage,https://www.youtube.com/watch?v=adOq_F7SMPQ,
3,Discovery,Drone Spots Shark Hunting Seal | Shark Week,https://www.youtube.com/watch?v=XtSAnt2HnhU,
4,The Rogue Droner,WHITE SHARK HAUNTS SURFERS - Shark Drone Footage,https://www.youtube.com/watch?v=5TtCt_iNWcA,
5,Matt Larmand,drone footage of great white shark swimming at full speed,https://www.youtube.com/watch?v=S5f-nyZIU8Y,
6,Storyful Viral,Drone Footage Captures Tiger Shark Roaming Close to Swimmers in Miami's South Beach Shore,https://www.youtube.com/watch?v=14SjsqjgvII,
7,The Lateral Line,"Harbour full of Great White Sharks. Epic White Shark footage, Drone and Under Water.",https://www.youtube.com/watch?v=SxJofoHrcqs,
8,Courtland Hunt,Drone Footage of Bull Shark attack on Spearfishing Team | Mavic Pro,https://www.youtube.com/watch?v=NKGObTK9irw,
9,TheMalibuArtist,Best Great White Shark Drone Footage 2022 (Narrated),https://www.youtube.com/watch?v=vbJaP1jq9BM,
10,TheMalibuArtist,Best Great White Shark Drone Footage of 2020 (Narrated),https://www.youtube.com/watch?v=Ile5NS7ucec,
11,Matt Smith,Kayak Shark Encounter with drone footage.,https://www.youtube.com/watch?v=evh2pQCSzDo,
12,The Stork,Drone shark footage,https://www.youtube.com/watch?v=q2U3gjwJfS4,
13,chrisschmitz_osint,"First Footage from new Ukrainian Drone ""Shark "" aka –∞–∫—É–ª–∞/Akula, HD",https://www.youtube.com/watch?v=eyeG_Zt7NAA,
14,Storyful Viral,Drone Footage Captures Shark Lurking Beneath Paddle Boarder in North Avoca Beach,https://www.youtube.com/watch?v=w-r89DB3RGM,
15,Jason Leppan,"Great White Shark drone footage, East London, South Africa",https://www.youtube.com/watch?v=z3L5Im8mSPw,
16,gashpilot,Maldives Killer Shark attack drone footage,https://www.youtube.com/watch?v=Ee4cx0ancyQ,
17,Storyful Viral,Drone Footage Shows Tiger Shark Swimming Close to Beachgoers,https://www.youtube.com/watch?v=YSNO-hG_ywM,
18,The Sun,Drone captures shark closing in on swimmers at beach in Perth #shorts,https://www.youtube.com/shorts/eSE9aJ_OxQM,
19,The Daily Jaws,"First ever drone footage of Orcas killing Great White shark (South Africa, 2022)",https://www.youtube.com/watch?v=1WRpgMUXrgE,
20,To Arnhem Land And Back,Bull Shark swims by huge Saltwater Crocodile - 4K Drone Footage -,https://www.youtube.com/watch?v=TqFHXcLsyt4,
21,The Rogue Droner,WHITE SHARK HUNTS DOG OWNERS - Shark Drone Footage,https://www.youtube.com/watch?v=8dt2VkVVWlk,
22,Brendan Buckley,"What's in the Water - Cape Cod Drone Footage - Sharks, Seals, Whales, and More 4K",https://www.youtube.com/watch?v=eRngbXwP1yU,
23,White Shark Video,"4K Drone Footage of Great White Sharks in Guadalupe, Mexico",https://www.youtube.com/watch?v=QgQcIHSdma4,
24,WILD BRAWL PRODUCTIONS,SHARK KILLS WHALE | Drone Footage Of A Great White Shark Killing A 33 Ft Humpback Whale,https://www.youtube.com/watch?v=ACEn-ZZ_b04,
25,Our Simple Story,Amazing footage w/ Drone: dolphin narrowly evades bull sharks,https://www.youtube.com/watch?v=jYt5vy5VdP0,
26,b/60,Florida Surfer Shoots Drone Footage of Shark Frenzy Near Shoreline in Crazy Video,https://www.youtube.com/watch?v=DiJ9T_soCw0,
27,Globe Lite,Shark vs Dolphins ~ drone view ü¶àüê¨,https://www.youtube.com/watch?v=VvQppH7Eu9g,
28,Kyle Soto,Relaxing Sharks Swimming In The Waves. 20 minutes of HD Drone footage and Natural Ambient Sounds.,https://www.youtube.com/watch?v=hW3H4195o28,
29,The Rogue Droner,WHITE SHARK STALKS LONE SURFER - Shark Drone Footage,https://www.youtube.com/watch?v=3VaPTsf35Zw,
30,The Age & Sydney Morning Herald,"Drone spots enormous great white shark in Esperance, Western Australia",https://www.youtube.com/watch?v=D72VGF0tWXo,
31,The Rogue Droner,WHITE SHARK STALKS KIDS - Shark Drone Footage,https://www.youtube.com/watch?v=VrXp_PHUOUI,
32,YBS Youngbloods,Amazing GREAT WHITE SHARK Drone Footage & Catching Giant Mackerel In My Back Yard - Ep 226,https://www.youtube.com/watch?v=xoImiShZeYg,
33,Tovi Sonnenberg,Sharks In The Hamptons | Drone Footage,https://www.youtube.com/watch?v=fukfYbmgEcs,
34,10 Tampa Bay,Drone video shows frenzy of sharks off the coast of Florida,https://www.youtube.com/watch?v=_Rhdoxku_Hg,
35,ABC7,Drone shows shark coming close to swimmers at Western Australia beach,https://www.youtube.com/shorts/l__rHKG3-Ek,
36,FOX 5 San Diego,Incredible Drone Video Shows Great White Sharks In Del Mar,https://www.youtube.com/watch?v=DVLJZQ5AXDI,
37,OS Attack - Attack of the Operating Systems,Drone Captures Tiger Shark Feeding Frenzy on Whale in Australia (Full Video),https://www.youtube.com/watch?v=S8GG2tQrMdk,
38,The Rogue Droner,White Shark Hunts Preschool Kids - Shark Drone Footage,https://www.youtube.com/watch?v=PlyMeA1__tY,
39,CBS Miami,Drone Footage Captures Shark Swimming Near Florida Man's Children,https://www.youtube.com/watch?v=qrI2w3gEuLQ,
40,CBS 8 San Diego,"Drone footage of sharks in Del Mar, San Diego - Sept 10 and 11, 2021",https://www.youtube.com/watch?v=NDn9uh8PNc8,
41,The Sun,Drone captures shark closing in on swimmers at beach in Perth #shorts,https://www.youtube.com/shorts/eSE9aJ_OxQM,
42,Living in Paradise,"4K Drone: Shark Pit - Lahaina, Maui - Hawaii",https://www.youtube.com/watch?v=43jyOv4BSiM,
43,Black Manta Photography,GREAT WHITE SHARKS & ELEPHANT SEALS | DRONE FOOTAGE,https://www.youtube.com/watch?v=TG7FOMikD1w,
44,greenwavegarage,Surfing with Sharks in New Smyrna Beach (Drone Footage - 7/16/2020),https://www.youtube.com/watch?v=52CAAG0RglQ,
45,Fly Drone Guru,Shark Swims beneath Surfers Drone Footage Compilation,https://www.youtube.com/watch?v=ib9YCkVf3OU,
46,The Rogue Droner,WHITE SHARK STALKS BODYBOARDERS - Shark Drone Footage,https://www.youtube.com/watch?v=iAu0Y5nsCiU,
47,SHARK,SHARK Drone Exposes Labcorp Research Beagles,https://www.youtube.com/watch?v=Ww6OgrKlRlk,
48,Basking Shark Scotland,Basking Shark Scotland - Amazing drone footage of big basking shark aggregation,https://www.youtube.com/watch?v=QXKyvddKz8s,
49,The Rogue Droner,WHITE SHARK vs. BEACH FISHERMEN - Shark Drone Footage,https://www.youtube.com/watch?v=lx9EPzmgNno,
50,Reuters,Drone footage shows shark sizing up surfer in Australia,https://www.youtube.com/watch?v=ojCqn49FUN4,
51,Drone Shark App,BEST GREAT WHITE SHARK DRONE FOOTAGE 2021,https://www.youtube.com/watch?v=2tP213OQNKk,
52,South Fork Salt,Hamptons Sharks Attacking Bunker Near Shore- July 2019 Drone Footage,https://www.youtube.com/watch?v=CgzWWqFowC4,
53,The Rogue Droner,WHITE SHARK HUNTS 3 TOURISTS - Shark Drone Footage,https://www.youtube.com/watch?v=Ij8D1Xcn4CM,
54,Tyler Kelly,"Sharks Approach Swimmers | Outer Banks, North Carolina | 4K Drone Footage | DJI Mavic Pro",https://www.youtube.com/watch?v=FiiPW_Icdec,
55,The Rogue Droner,WHITE SHARK HUNTS FAMILY - Shark Drone Footage,https://www.youtube.com/watch?v=KSL26l-tTK0,
56,Dogtooth Media,Drone Footage Shows Diver Fending Off Shark || Dogtooth Media,https://www.youtube.com/watch?v=uF8FJxIB_c4,
57,Santa Cruz Sentinel,Pleasure Point great white shark drone footage,https://www.youtube.com/watch?v=RUu7FFe3Hoc,
58,STINGRAY FPV,GREAT WHITE SHARKS CLOSE TO SHORE - FPV DRONE SHARK FOOTAGE,https://www.youtube.com/watch?v=Ktj_Uqfnwbc,
59,Glen Carranza,Whale Shark Watching in Oslob Philippines w/ DJI Phantom 4 Drone,https://www.youtube.com/watch?v=hRKZO9tnrDE,
60,NTV America,"Drone footage captures swimmers, sharks and salmon interacting at Australia's Bondi Beach",https://www.youtube.com/watch?v=vqrYCU4pvMY,
61,CBS Mornings,Drone video captures human encounters with great white sharks off Southern California coast,https://www.youtube.com/watch?v=VceDyO_F-Q0,
62,JJ's Journey,"Foreigners almost swallowed by WHALE SHARKS üòú(+DJI Drone Footage) | Oslob, Philippines - Vlog #75",https://www.youtube.com/watch?v=DaNmma9vxkU,
63,insena,Drone Pradeepa in Shark Tank India | Insena | Kannada Comedy Video,https://www.youtube.com/watch?v=6NO8FVcSzVo,
64,Infinity Drones,Really big sharks - drone footage #shorts,https://www.youtube.com/shorts/KGhTaaoVljc,
65,10 Tampa Bay,Shiver of sharks captured on drone video at Cocoa Beach,https://www.youtube.com/watch?v=Dbw2WUACPSk,
66,8 News NOW Las Vegas,Drone video shows sharks feeding on schools of fish,https://www.youtube.com/watch?v=5npTn7rSbjY,
67,RM Videos,Paddleboarder Nearly Hits Shark! Drone Footage,https://www.youtube.com/watch?v=0kz0Ai_DHgg,
68,Hamptons Drone Images Joanna L Steidle,Shark & Menhaden - Hamptons Drone 4K Footage,https://www.youtube.com/watch?v=sha1-XVUVto,
69,RT√â News,Drone footage shows amazing encounter with basking sharks off Co Clare coast,https://www.youtube.com/watch?v=j16ry5LTg9I,
70,ABC Australia,Shark feeding frenzy off Australian coast üêãü¶à | Animals | ABC Australia,https://www.youtube.com/watch?v=W7v7o0e3WUY,
71,A Country Somewhere,"Cebu Philippines Drone Footage Waterfalls to Ocean - Whale Sharks, Chocolate Hills",https://www.youtube.com/watch?v=qH1xHIBUXKA,
72,NSW Department of Primary Industries | Fisheries,NSW Drone Shark Detection,https://www.youtube.com/watch?v=z007p-8e_QA,
73,KPIX CBS SF Bay Area,Drone Video Shows Great White Sharks Swim Among SoCal Beachgoers,https://www.youtube.com/watch?v=7sSLD-zFc_c,
74,FOX 35 Orlando,Video: Drone spots hundreds of sharks swimming near shore of Florida beach,https://www.youtube.com/watch?v=KwTIqLiHkNg,
75,Brendan Buckley,"Great White Sharks Close to Beach // Cape Cod, MA // 4K Drone Footage",https://www.youtube.com/watch?v=9NkZPdRlVw0,
76,TAPP Channel,Shark Drone Video Captured In Florida,https://www.youtube.com/watch?v=ThCX0U4aKpc,
77,WPTV News - FL Palm Beaches and Treasure Coast,Drone video of Sharks close to shore New Smyrna Beach,https://www.youtube.com/watch?v=Q4alDOG_EGM,
78,First Coast News,"Drone footage shows whale shark swimming off the coast of Stuart Beach, FL",https://www.youtube.com/watch?v=We0Nd4zonzs,
79,ABC7,Juvenile great white sharks spotted off Pacific Palisades coast in drone footage | ABC7,https://www.youtube.com/watch?v=QxfchlC2Hqc,
80,Surfline,Drone Footage of Great White Sharks in Capo Beach on May 2nd,https://www.youtube.com/watch?v=o6vrZx8rPNs,
81,CBS Miami,WEB EXTRA Drone Video Shows Swimmers' Close Encounter With Sharks,https://www.youtube.com/watch?v=wae8So_oEIc,
82,Crazy Nature,GREAT WHITE SHARK Encounters Surfers 2 Drone Protection,https://www.youtube.com/watch?v=s7N3Yp53R54,
83,CBS Mornings,Unsettling drone video shows surfer's close encounter with massive shark,https://www.youtube.com/watch?v=1By80fwjaKc,
84,Sailing Doodles,Chumming for Sharks - Humpback Whale Drone Footage - S2:E24,https://www.youtube.com/watch?v=xSR5N7Ket08,
85,WKMG News 6 ClickOrlando,Drone video shows herd of sharks swim along Cocoa Beach,https://www.youtube.com/watch?v=EiXc6oVY6LY,
86,White Shark Projects,White Shark Projects Drone footage,https://www.youtube.com/watch?v=ZzRlOPzkZ0g,
87,Black Manta Photography,GREAT WHITE SHARK | DRONE FOOTAGE,https://www.youtube.com/watch?v=QcCzrpKUYuo,
88,Voice of America,Drone Captures Moment Shark Approaches Swimmer,https://www.youtube.com/watch?v=MzqzeKFJmRM,
89,KCAL News,Drone Video: Great White Sharks Off California's Coast Are More Common Than You Think,https://www.youtube.com/watch?v=44ddU6r_bYI,
90,Little Boy From Taiwan,Shark Fin Cove | Drone Footage 4K,https://www.youtube.com/watch?v=LXWxEAcIEio,
91,Masih Mozayan,"Caspersen Beach Infested with Sharks very close to shore, Caught with drone,Venice FL",https://www.youtube.com/watch?v=j-L7Xba8PBc,
92,7NEWS Australia,Teenager using a drone spots great white shark near swimmers at NSW beach | 7NEWS,https://www.youtube.com/watch?v=0jsitY4E864,
93,Ceebz Gerard,Baitball Being Attacked by Sharks off Ft Lauderdale Beach - DRONE FOOTAGE,https://www.youtube.com/watch?v=_sZa3_K5fv8,
94,The Inertia,Drone Captures Great White Shark Swimming By Surfer Just Outside the Lineup,https://www.youtube.com/watch?v=NwK_UlG-d4E,
95,KENS 5: Your San Antonio News Source,Drone video shows Great White Sharks swimming among people,https://www.youtube.com/watch?v=JpWcmTbQkTE,
96,CBSDFW,Drone Catches Shark Near Unaware Swimmers,https://www.youtube.com/watch?v=jboPBNkjNdQ,
97,Postcards & Passports,Fantastic drone footage of whale sharks in Bahia de los Angeles,https://www.youtube.com/watch?v=OLnwJmm9rm0,
98,Military Status UA,"WEAPON OF WAR IN UKRAINE / UKRAINIAN UAV ""SHARK"" / DRONE THAT SEES ALL RUSSIANS",https://www.youtube.com/watch?v=DyDQMwpW5x8,
99,ABC7,Drone video shows great white sharks swimming just off the coast of Ventura County beach | ABC7,https://www.youtube.com/watch?v=S8ur5BeGpNU,
100,RM Videos,Paddleboarder Nearly Hits Shark! Drone Footage,https://www.youtube.com/watch?v=0kz0Ai_DHgg,
101,b/60,Must See! Drone Footage Shows Curious Shark Approaching Surfer!,https://www.youtube.com/watch?v=dYm65pwjI9o,
102,Todd Vendituoli,Hurricane Irma and Shark Drone Footage-Todd Vendituoli-LIFE in Eleuthera #398,https://www.youtube.com/watch?v=8jAOOd__24g,
103,JTC FILMS,Shark Drone Video Off Beach in South Florida,https://www.youtube.com/watch?v=TEVqmoySLiU,
104,Associated Press,Surfer avoids shark after alert from drone user,https://www.youtube.com/watch?v=Q_7E8XxElCI,
105,NewsNation,"Drone footage captures dozens of sharks feeding, jumping off Florida coast",https://www.youtube.com/watch?v=X-8FhiMskwE,
106,Karagander,Drone footage captures tiger shark swimming close to beachgoers #shorts,https://www.youtube.com/watch?v=GWfSgDiYAFg,
107,CBS Boston,Drone Video Of Shark Prompts Closure Of Cape Cod Beach,https://www.youtube.com/watch?v=K6NCfGVLRWM,
108,Time 2 Get Outside,"SHARKS and Great Barrier reef family fishing, Nannygai, trout and drone footage",https://www.youtube.com/watch?v=b_qbf1K-F8c,
109,The Kim Komando Show,Florida dad saves his kids from a shark using drone footage | Great Calls from The Kim Komando Show,https://www.youtube.com/watch?v=vfjHW5_yJ8I,
110,Storyful News & Weather,Drone Footage Shows Tiger Shark Swimming Close to Perth Beachgoers,https://www.youtube.com/shorts/P3thlZii3ag,
111,Maui Now,Drone Captures Video of Shark Following Saturday's Incident in Big Island Waters,https://www.youtube.com/watch?v=uYmAydrhfuk,
112,CLEARSKIESTV,Drone films a shark swimming under Australian surfers | DJI MAVIC | Amazing 4k Drone Footage | Kiama,https://www.youtube.com/watch?v=_JBuDYeyJXw,
113,Daily News Videos ,"There is now drone video of it, as killer whales kill great white sharks",https://www.youtube.com/shorts/SQOI0spAoYg,
114,Wonderbot Animals,A Guy Was Flying His Drone Over The Ocean When The Footage Revealed Sharks Closing In On A Child,https://www.youtube.com/watch?v=cNG0c_vF-a4,
115,TODAY,Drone Video Captures Great White Sharks Along California Coast | TODAY,https://www.youtube.com/watch?v=oap5KbiTFJw,
116,White Shark Projects,White Shark Projects Drone footage,https://www.youtube.com/watch?v=ZzRlOPzkZ0g,
117,The Jimmy Dore Show,Drone Video Captures False Killer Whales Chasing A Shark,https://www.youtube.com/watch?v=YiisjklVzg0,
118,WKMG News 6 ClickOrlando,Cool drone video shows black tip shark migration off Singer Island,https://www.youtube.com/watch?v=vLwn77bXT7Y,
119,NSW Department of Primary Industries | Fisheries,Know your sharks from the air - identification tool for drone pilots,https://www.youtube.com/watch?v=nxh2Pp5gq3k,
120,Storyful News & Weather,Drone Footage Captures Great White Shark Off Cape Cod Beach,https://www.youtube.com/watch?v=r8OFVgm_XDM,
121,Korean News Today,Drone footage has captured hundreds of sharks swimming near children of Western Australia,https://www.youtube.com/watch?v=qZs2a4tRYx0,
122,Normal Guy Supercar,"Best day ever! Diving Sipadan, sharks, turtles, bumphead parrotfish, drone footage of Mabul Island",https://www.youtube.com/watch?v=BX1cTB1RE0c,
123,FOX 35 Orlando,Drone captures shark lurking close to family,https://www.youtube.com/watch?v=UTz5qFteP2U,
124,Storyful Viral,Drone Footage Captures Great White Shark Off Cape Cod Beach,https://www.youtube.com/watch?v=6MLyZoFeO2Q,
125,NBC News,Some Beaches Begin To Use Drones As Shark Attacks Increase,https://www.youtube.com/watch?v=TIIeZNKA6Gk,
126,Reuters,Drone films swimmer passing over shark,https://www.youtube.com/watch?v=A9ru3sN3AZM,
127,Mediocre Outdoors,6+ foot bull shark in Leonardtown Md Potomac River drone footage,https://www.youtube.com/watch?v=ItrL2qilEmM,
128,RT√â News,Drone footage shows amazing encounter with basking sharks off Co Clare coast,https://www.youtube.com/watch?v=j16ry5LTg9I,
129,ABC News,Turtle fights off tiger shark,https://www.youtube.com/watch?v=F-0Gnhdz1S8,
130,ABC,5 Sharks Strike a Deal with xCraft Drones - Shark Tank,https://www.youtube.com/watch?v=OppAElJMWpA,
131,TimesLIVE Video,Incredible drone footage of sharks feeding off a whale carcass,https://www.youtube.com/watch?v=_Fm9Dnij5Gs,
132,CBS Boston,Drone Footage Captures Sharks 'Acting Aggressively' Off The Cape,https://www.youtube.com/watch?v=xyFdHcMcHP4,
133,Makerfire,Makerfire Armor Blue Shark - Your First FPV Racing Drone,https://www.youtube.com/watch?v=nyqstoJVhz0,
134,OCEARCH,Drone Spots One of Our Tagged Great White Sharks,https://www.youtube.com/watch?v=X-4luazq5Vo,
135,Storyful Viral,Drone Captures School of Blacktip Sharks Near Florida's Singer Island,https://www.youtube.com/watch?v=wYw8IqmmPxk,
136,KUSI News,Paul Hibberd shares Del Mar Shark drone footage,https://www.youtube.com/watch?v=igxeYFrOacc,
137,"KSC | Knowledge,Science,Culture Everyday .",A Guy Was Flying His Drone Over The Ocean When The Footage Revealed Sharks Closing In On A Child,https://www.youtube.com/watch?v=xvuG_raauFw,
138,ATU Galway City ,"Drone footage of basking sharks off the Co Clare coast (Dr Simon Berrow, GMIT)",https://www.youtube.com/watch?v=QJPloXD80tY,
139,KUSI News,"Drone video captures Great White Shark in shallow waters of Del Mar, CA, just five feet from surfers",https://www.youtube.com/watch?v=PtR2MCxex8Q,
140,Daily Mail,Drone captures great white shark circling unsuspecting surfers,https://www.youtube.com/watch?v=4YVWxuWqjzY,
141,Bunyip Fishing,"Epic few days fishing! whale shark, Shark attacking Turtle Drone footage! Thai style cook up!",https://www.youtube.com/watch?v=CDPqdJhX6sw,
142,Martin Del Vecchio,4K Drone Video: The Bass Rocks Basking Sharks,https://www.youtube.com/watch?v=4LVl7kGCPG0,
143,Sleep Vibezzz,Incredible drone footage of sharks in water with a diver by saaidh.mv #shorts #drone #relaxing,https://www.youtube.com/shorts/EHlmjO4JoNw,
144,CBS 8 San Diego,Drone photographer captures juvenile white sharks and surfers coexisting in Del Mar,https://www.youtube.com/watch?v=O-JDtA-vKr4,
145,Ryan De Seixas,Sharks Cove on Oahu's North Shore LIVE from the Drone.,https://www.youtube.com/watch?v=-O18LR9mN28,
146,DroningON,DJI DRONE saves SURFER from SHARK ATTACK in Australia (NSW)!,https://www.youtube.com/watch?v=cSSZdYZLp90,
147,WESH 2 News,Incredible drone video shows at least 8 sharks in shallow water off Ponce Inlet,https://www.youtube.com/watch?v=tJFqrBqj8qs,
148,Coolabah Capital Search & Rescue Drone,Coolabah Capital Search & Rescue Drone stopping potential shark attack,https://www.youtube.com/watch?v=l44eoADkwHw,
149,Lalit Naval Travel Food Shorts Vlogs ,"Scary Sound of Blue Whale Shark, Baby Shark, Drone Footage #shorts #whale",https://www.youtube.com/shorts/mME44nWCW1A,
150,WCVB Channel 5 Boston,Drone video captures great white shark near seals off Truro,https://www.youtube.com/watch?v=zMrkIRq9y5A,
151,AIMM Portugal - Marine Environment Research Association,Incredible Hammerhead Shark (Drone Video),https://www.youtube.com/watch?v=2xZ32zm7F_Y,
152,Cape Cod Times,Drone video captures great white sharks interacting off Cape Cod,https://www.youtube.com/watch?v=8yJ-NtP0NaU,
153,The Rogue Droner,White Shark Hunts Beach Walkers - Shark Drone Footage,https://www.youtube.com/watch?v=Ka7aKbDuEHs,
154,MKH,Reacting to shark drone footage in Australia. Shark stalking surfers!,https://www.youtube.com/watch?v=lAg9up8BMyc,
155,FishThenRide,Shark Drone Footage inches from 8ft Mako Shark,https://www.youtube.com/watch?v=ZIkqN5jylTg,
156,ABC Australia,"Shark filmed circling surfers at Plettenberg Bay, South Africa | ABC Australia",https://www.youtube.com/watch?v=DAGiplGPqZo,
157,National Geographic,Great White Shark Bites Down on a Submarine Drone | National Geographic,https://www.youtube.com/watch?v=4UZqB5xfYVg,
158,Guardian News,Shark circles world championship surfer in Australia in astonishing near-miss,https://www.youtube.com/watch?v=3XqVYQUa6Yo,
159,DUNCAN C SCOBIE,Drone footage of a large Basking Shark off Porthcurno 2021,https://www.youtube.com/watch?v=0ch0euXgsXE,
160,CBS 8 San Diego,Drone video: Leopard sharks swimming near La Jolla Shores with swimmers trying to get a closer look,https://www.youtube.com/watch?v=57ehBgA6SRg,
161,CBS 8 San Diego,10-year-old boys drone spots great white shark off coast in Del Mar,https://www.youtube.com/watch?v=16k3mA_V9n8,
162,FLYT,Feeding Sea Lions Eat Shark! Filmed with a Drone,https://www.youtube.com/watch?v=1pvQMDeDcgc,
163,Discovery,Drone Captures Epic Shark Breach! | Shark Week,https://www.youtube.com/watch?v=6tAFZDrjsSA,
164,AFP News Agency,Great white shark swims amongst oblivious South African surfers | AFP,https://www.youtube.com/watch?v=5WhnkoyQjBY,
165,empty_nestadventures,Shark Bay Part 1 | RARE Echidna Encounter in the wild | Epic Drone Footage,https://www.youtube.com/watch?v=JK45aPyzTuU,
166,Viewpro Ltd,Flight testing video of long range blue shark F350 vtol drone with 3.5m wingspan,https://www.youtube.com/watch?v=HIjuANjRzSc,
167,National Geographic,Sky Sharks: Shark Surveillance | SharkFest | National Geographic,https://www.youtube.com/watch?v=UnqNlLXFKs4,
168,Storyful Viral,Tiger Sharks Feast on Rotting Whale Carcass in Drone Footage,https://www.youtube.com/watch?v=UDblexJfekY,
169,The Yacht Life,Drone Captures Close Shark Encounter in Bahamas,https://www.youtube.com/watch?v=ulzO46M7dAM,
170,DolphinDroneDom,"Drone Footage of Whales, Sharks, and Dolphins off the Coast of San Diego (Sept-Nov 2018)",https://www.youtube.com/watch?v=OkJXwzFZPDA,
171,Good Morning America,Shark Feeding Frenzy on Dead Humpback Whale [Drone Video],https://www.youtube.com/watch?v=bZsdIxjeh3k,
172,SWNS,Stunning Drone Footage Captures Basking Sharks Feeding Off The West Coast,https://www.youtube.com/watch?v=VfPL00kCHMU,
173,Darcizzle Offshore,Girls DRONE FISHING for SHARKS on the Beach!,https://www.youtube.com/watch?v=BxrvglOklyc,
174,BlacktipH,Drone Fishing for Sharks,https://www.youtube.com/watch?v=xhYZQBL_z9w,
175,Evening Standard,Drone captures great white shark circling within inches of Australian surfer in chilling encounter,https://www.youtube.com/watch?v=OnCE-b_TYwQ,
176,James Mc Carthy,Basking sharks off Caliso Bay short video || Drone footage || DJI Phantom 4,https://www.youtube.com/watch?v=CsF50PM3hDQ,
177,Gadget Inspector,Visuo XS809S Battle Shark Drone Review | Mavic Pro Clone,https://www.youtube.com/watch?v=GPZ0qkJ74gQ,
178, World News,A video of the first Ukrainian drone SHARK appeared over Donetsk!!!,https://www.youtube.com/watch?v=ZWjmahSS7MQ,
179,Dana Point Whale Watching,Drone Video of Curious Great White Shark in Dana Point CA,https://www.youtube.com/watch?v=spnsURYADt8,
180,TODAY,See Great White Sharks Swim Near Surfers,https://www.youtube.com/watch?v=vtJ3nQGxhv0,
181,Francesco Ponticelli,"Sharks at Haulover Beach, Miami Beach [4k Miami Cinematic Drone Video] #sharks #miamibeach #haulover",https://www.youtube.com/watch?v=g0hfjDKe3tM,
182,PowerVision Global,SHARK ATTACKS UNDERWATER DRONE!!,https://www.youtube.com/watch?v=0uOuR3-zOyM,
183,MGuilin,"Great White Sharks | Drone | Carpinteria, CA | DJI Mavic Pro",https://www.youtube.com/watch?v=H1gz-PrQpDo,
184,7NEWS Australia,Dozens of hungry sharks feeding on salmon in frenzy captured via drone at Sleaford Bay | 7NEWS,https://www.youtube.com/watch?v=P5pk5TL4Qi8,
185,Darcizzle Offshore,DRONE BLACKTIP SHARK HUNT! Florida Offshore Fishing Video,https://www.youtube.com/watch?v=y4papIxTWcc,
186,TAPP Channel,Florida Shark Migration Filmed With Drone | 4K,https://www.youtube.com/watch?v=WcqzSVOnDaE,
187,b/60,Robot Shark is US Navy's Newest Spy Drone,https://www.youtube.com/watch?v=w0poH-pqqOU,
188,Veros Films,Shark Sighting at Cape Cod! Can You Find It? Barnstable Harbor - Drone 4K ULTRA HD,https://www.youtube.com/watch?v=6dHRaB-Xhiw,
189,Reuters,This drone video shows a group of sharks swimming in shallow waters of a Florida beach,https://www.youtube.com/watch?v=XJJX5HtcVKk,
190,ABC News,Swimmer floats peacefully above school of sharks,https://www.youtube.com/watch?v=PGKjsvYE6po,
191,BBC News,Filming 'friendly' shark encounters from above - BBC News,https://www.youtube.com/watch?v=_WE9Z6nEbPg,
192,Darcizzle Offshore,Shark vs. Teenager Tug-O-War and Drone Snook Video,https://www.youtube.com/watch?v=WKLqpYqcxHk,
193,fettersphotography,Destin and Pensacola Beach Florida DRONE VIEW of DOLPHINS & SHARKS at DESTIN PASS!,https://www.youtube.com/watch?v=LQ_9_heZcM8,
194,New York Daily News,Drone captures hundreds of sharks off Florida coast,https://www.youtube.com/watch?v=nFcnfbKSXXM,
195,Divers Ready,Sharks Check Out 4K Underwater Drone - Chasing Gladius Mini Review,https://www.youtube.com/watch?v=N40B7Iug3RM,
196,RanMarine Technology,Algae and floating Biomass and Plastic waste clearing by ASV drone the #WasteShark,https://www.youtube.com/watch?v=mFOi2QsZ3-w,
197,TomoNews US,Robot shark: GhostSwimmer drone developed by U.S. Navy looks and swims like a shark,https://www.youtube.com/watch?v=uj457REhZ0g,
198,Kurt Roll,Drone quadcopter with GoPro films Blacks Beach Sharks,https://www.youtube.com/watch?v=riGWb2UCrrc,
199,NJRE,Burning Man 2013 Drone with control video goggles dragonlink fat shark 3d robotics,https://www.youtube.com/watch?v=zQJmX0e5zHY,
200,Dickydonick,Cheerson CX-20 Big Fly Shark Version - River Defences ( Drone Video ),https://www.youtube.com/watch?v=XQao0nnea0Q,
201,Eyewitness News ABC7NY,Drone spots shark in water off Long Beach,https://www.youtube.com/watch?v=udBmgnlUjn0,
202,10 Tampa Bay,Drone captures blacktip sharks swimming near Singer Island,https://www.youtube.com/watch?v=SD3cN6gBFmE,
203,Reuters,Leopard sharks return to La Jolla Shores in California,https://www.youtube.com/watch?v=T9hgt7J6QHk,
204,Euronews Next,Little Ripper drone to spot sharks and save lives in Australia,https://www.youtube.com/watch?v=Sylx-GP3AqA,
205,Essential RC,NERF vs BLADE Inductrix FPV DRONE (with FatShark HD2 ONBOARD footage),https://www.youtube.com/watch?v=qwT9C094SdA,
206,John Cuppi,"TIANQU VISUO XS809S ""Battle Sharks"" Wifi FPV Drone",https://www.youtube.com/watch?v=dGVgRhd8atI,
207,ExtremeToys TV,Wild Shark Vs. Nerf TerraScout Drone! Crazy Shark Toy Attacks the Nerf Robot!,https://www.youtube.com/watch?v=XAHTDLYwGIo,
208,TheRcSaylors,Best $50 Camera Drone Crazy Long Flight Time - Battle Shark Tianqu Visuo XS809S - TheRcSaylors,https://www.youtube.com/watch?v=zcmXh7fBPn0,
209,PERTH WEST OZ RC,SHARKS F196 Optical Flow Drone Full Review,https://www.youtube.com/watch?v=Iz1xMOf123s,
210,Nat Geo WILD,Crocodile and Sharks Eat a Whale in First-Ever Video | Nat Geo Wild,https://www.youtube.com/watch?v=V7CIE3JUxyY,
211,USA TODAY,Hammerhead shark spotted below paddleboarders in Florida | USA TODAY,https://www.youtube.com/watch?v=ZZNSO1KD74U,
212,First Coast News,"Drone Video: Margaritaville Beach Hotel, LandShark Bar & Grill in Jacksonville Beach",https://www.youtube.com/watch?v=OcH4mdWhQmU,
213,SwitchStars,Megalodabollocks! | Shark Attack: Fish Predator (Nintendo Switch) Review,https://www.youtube.com/watch?v=marel_jH2Yw,
214,South Fork Salt,Drone Close-up: Shark Feeding Frenzy at NY Beach in 4K,https://www.youtube.com/watch?v=eHFtskabio0,
215,Nick Meyer,Beach report 052921 and more. Drone Shark fishing Texas style with Jen and Tim Merchant.,https://www.youtube.com/watch?v=ZdWs6Gb6y_c,
216,Storyful Viral,Drone Shows Shark Coming Close to Swimmers,https://www.youtube.com/shorts/ZdaebZscwD8,
217,AL.com,Drone captures sharks swarming off the Florida coast,https://www.youtube.com/watch?v=JyzKuJ2CpKo,
218,Rumble Viral,Irish drone footages captures feeding basking shark,https://www.youtube.com/watch?v=JIhjP_O1jzU,
219,Coastal Boating,"A Boater's Paradise: Shark River Inlet, New Jersey Coastal Boating",https://www.youtube.com/watch?v=ZP1KcPGUp5I,
220,GoodReturns,‚Çπ5000 ‡§∏‡•á ‡§ñ‡§°‡§º‡•Ä ‡§ï‡•Ä Drone Company| Shark Tank ‡§Æ‡•á‡§Ç ‚Çπ75 ‡§≤‡§æ‡§ñ ‡§ï‡•Ä ‡§Æ‡§ø‡§≤‡•Ä Funding| insideFPV| Good Returns,https://www.youtube.com/watch?v=kJEygN2VBzQ,
221,TheMalibuArtist,Best Great White Shark Drone Footage 2022 (Narrated),https://www.youtube.com/watch?v=vbJaP1jq9BM,
222,New York Post,Tiger shark charges unsuspecting swimmer in chilling drone video | New York Post,https://www.youtube.com/watch?v=N1tdmw6foIM,
223,TheMalibuArtist,Best Great White Shark Drone Footage of 2021 (Narrated),https://www.youtube.com/watch?v=dQ1ZOfb8acg,
224,Courtland Hunt,Drone Footage of Bull Shark attack on Spearfishing Team | Mavic Pro,https://www.youtube.com/watch?v=NKGObTK9irw,
225,Guardian Australia,Shark spotting: how a drone app is helping to keep Sydney's surfers safe in the water,https://www.youtube.com/watch?v=zFu-c62O3mg,
226,Rippton,SharkX GPS Fishing Drone,https://www.youtube.com/watch?v=3p-GktAkDr8,
227,Joey Paesano (Giuseppe),"Shark Drone Footage At Shark Bite Capital Of The World, New Smyrna Beach, FL. Shark Aerial View. NSB",https://www.youtube.com/watch?v=gzjNHBxd3aY,
228,Gannet - Drone Fishing,Drone fishing with a Phantom and massive Shark baits,https://www.youtube.com/watch?v=aIojo1VM26c,
229,TheMalibuArtist,Best Great White Shark Drone Footage of 2020 (Narrated),https://www.youtube.com/watch?v=Ile5NS7ucec,
230,gashpilot,Maldives Killer Shark attack drone footage,https://www.youtube.com/watch?v=Ee4cx0ancyQ,
231,HYDROPHILIK,Surrounded by SHARKS!!! | Florida Shark Migration | Amazing 4K Drone Footage,https://www.youtube.com/watch?v=PqMo55JDBN4,
232,TheMalibuArtist,Great White Shark's Close Encounter with a Surfer: A Shark Hunts for Sting Rays,https://www.youtube.com/watch?v=I3_XiuSk_Lw,
233,South Fork Salt,Drone - 500 Pound Thresher Shark Caught Near Shore in NY,https://www.youtube.com/watch?v=WtsLvByMwE8,
234,Sharky Shepo,Drone Shark fishing - hammerhead,https://www.youtube.com/watch?v=_WGAyAF3Ea8,
235,Brendan Buckley,"What's in the Water - Cape Cod Drone Footage - Sharks, Seals, Whales, and More 4K",https://www.youtube.com/watch?v=eRngbXwP1yU,
236,Voice of America,Drone Captures Moment Shark Approaches Swimmer,https://www.youtube.com/watch?v=MzqzeKFJmRM,
237,Discovery,Drone Spots Shark Hunting Seal | Shark Week,https://www.youtube.com/watch?v=XtSAnt2HnhU,
238,Hover UAV - Drone Systems Management and Consultancy,"Hover UAV -Drones detect sharks at Kiama, NSW",https://www.youtube.com/watch?v=qCluZPP6dac,
239,10 Tampa Bay,Drone video shows frenzy of sharks off the coast of Florida,https://www.youtube.com/watch?v=_Rhdoxku_Hg,
240,Stab: We like to surf,Great White Sharks Swim Underneath Surfers In San Diego | Drone Footage by @Scott_fairchild,https://www.youtube.com/watch?v=T25XY_RhGmY,
241,Storyful Viral,Drone Footage Captures Tiger Shark Roaming Close to Swimmers in Miami's South Beach¬†Shore,https://www.youtube.com/watch?v=14SjsqjgvII,
242,ABC Australia,"Shark filmed circling surfers at Plettenberg Bay, South Africa | ABC Australia",https://www.youtube.com/watch?v=DAGiplGPqZo,
243,FOX 5 San Diego,Incredible Drone Video Shows Great White Sharks In Del Mar,https://www.youtube.com/watch?v=DVLJZQ5AXDI,
244,PowerVision Global,SHARK ATTACKS UNDERWATER DRONE!!,https://www.youtube.com/watch?v=0uOuR3-zOyM,
245,Reuters,Drone footage shows shark sizing up surfer in Australia,https://www.youtube.com/watch?v=ojCqn49FUN4,
246,CBS Boston,Drone Footage Captures Sharks 'Acting Aggressively' Off The Cape,https://www.youtube.com/watch?v=xyFdHcMcHP4,
247,Quartz,A drone that prevents shark attacks,https://www.youtube.com/watch?v=uUi8QGkZU6k,
248,WPBF 25 News,Drone captures sharks swimming close to surfers,https://www.youtube.com/watch?v=XcDlhtS01Uo,
249,The Stork,Drone shark footage,https://www.youtube.com/watch?v=q2U3gjwJfS4,
250,NSW Department of Primary Industries | Fisheries,"Drones detect Sharks at Lighthouse Beach, Ballina",https://www.youtube.com/watch?v=ROF6n6lmI3M,
251,FOX 35 Orlando,Drone captures shark lurking close to family,https://www.youtube.com/watch?v=UTz5qFteP2U,
252,NSW Department of Primary Industries | Fisheries,Know your sharks from the air - identification tool for drone pilots,https://www.youtube.com/watch?v=nxh2Pp5gq3k,
253,Beach Bomber Fishing,"Droning BIG Baits off the Surf, Avet 50W action caught HUGE SHARK",https://www.youtube.com/watch?v=TtmSFFRkmYY,
254,Luke Langston,SHARKS SOUTH FLORIDA | DRONE 4K,https://www.youtube.com/watch?v=i2pf_8LYkxo,
255,LISHARKMAN,DRONE SHARK FISHING | Long Island Sharkman: 30 Second Instant Hookup with @Swellpro !!!,https://www.youtube.com/watch?v=6fEwpmdNIhw,
256,NBC News,Some Beaches Begin To Use Drones As Shark Attacks Increase,https://www.youtube.com/watch?v=TIIeZNKA6Gk,
257,Tyler Kelly,"Sharks Approach Swimmers | Outer Banks, North Carolina | 4K Drone Footage | DJI Mavic Pro",https://www.youtube.com/watch?v=FiiPW_Icdec,
258,KUSI News,"Drone video captures Great White Shark in shallow waters of Del Mar, CA, just five feet from surfers",https://www.youtube.com/watch?v=PtR2MCxex8Q,
259,Carolina Shark Conservancy,Droning Shark Baits! #sharks #sharkfishing #drone #fishing,https://www.youtube.com/watch?v=Td_JB8RJvHo,
260,TAPP Channel,Florida Shark Migration Filmed With Drone | 4K,https://www.youtube.com/watch?v=WcqzSVOnDaE,
261,Noah Jones Drones,Sharks Swim Dangerously Close to Tourists on Orange Beach - HQ Drone Video - DJI Mini II,https://www.youtube.com/watch?v=wnNAoWED8UE,
262,Daily News Videos ,"There is now drone video of it, as killer whales kill great white sharks",https://www.youtube.com/watch?v=SQOI0spAoYg,
263,Sharky Shepo,Drone Shark fishing - 7ft shark landed from Beach,https://www.youtube.com/watch?v=dA-qdwoi6js,
264,Dronepedia,¬øFat Shark Killer? eso veremos... |DRONEPEDIA,https://www.youtube.com/watch?v=aRRfhg8HgeU,
265,FOX 35 Orlando,Video: Drone spots hundreds of sharks swimming near shore of Florida beach,https://www.youtube.com/watch?v=KwTIqLiHkNg,
266,UNC-Chapel Hill,Uncharted territory: UNC scientists use drones to detect sharks,https://www.youtube.com/watch?v=SDkJ-U5XJno,
267,Associated Press,Surfer avoids shark after alert from drone user,https://www.youtube.com/watch?v=Q_7E8XxElCI,
268,9NEWS,Drone spots sharks under surfers,https://www.youtube.com/watch?v=LxyEYszykcs,
269,Benioff Ocean Science Laboratory,SharkEye - using drones and artificial intelligence to detect great white sharks,https://www.youtube.com/watch?v=wa3qNNKMLE0,
270,africanews,Shark-tracking drones saving life in South Africa,https://www.youtube.com/watch?v=yc1wqiBFp4I,
271,Kirk Krueger,Drone Shark ‚ñ¢ 4K #Short,https://www.youtube.com/watch?v=YvV66iLEtfQ,
272,DANIELisHOOKING,Beach Shark Fishing (Drone Fishing) Blacktip Shark,https://www.youtube.com/watch?v=L3bJkaibzvc,
273,KPIX CBS SF Bay Area,Drone Spots 10-12 Sharks Near Popular SoCal Surf Spot,https://www.youtube.com/watch?v=0rdf1SEgIrg,
274,BlacktipH,Giant Hammerhead Sharks Hunting Blacktip Sharks 2,https://www.youtube.com/watch?v=AV-ycoigXk0,
275,Drone Shark App,Loads of Sharks in Fish school,https://www.youtube.com/watch?v=cv0jlZTnHnQ,
276,Drone Shark App,Hammerhead survived the shark nets,https://www.youtube.com/watch?v=bD4xMQYAbTw,
277,Drone Shark App,The adventures of Wally the Wobbegong Shark,https://www.youtube.com/watch?v=qUhevV0e47E,
278,Drone Shark App,Friendly Sharks at Bondi Beach,https://www.youtube.com/watch?v=Ee7YoL_Dk6Y,
279,Drone Shark App,SHARK FEEDING FRENZY AT BYRON BAY,https://www.youtube.com/watch?v=pr9xM6jKHJg,
280,Drone Shark App,The Dronesharkapp crew ‚ù§Ô∏è,https://www.youtube.com/watch?v=FrlX48zx-Sk,
281,Drone Shark App,FRIENDLY SHARKS,https://www.youtube.com/watch?v=vLCcbeM-txk,
282,Drone Shark App,DRONESHARKAPP CONTRIBUTES TO SCIENCE,https://www.youtube.com/watch?v=rtybKiB3Eks,
283,Drone Shark App,BEST GREAT WHITE SHARK DRONE FOOTAGE 2021,https://www.youtube.com/watch?v=2tP213OQNKk,
284,Drone Shark App,SHARK SCARES SWIMMER,https://www.youtube.com/watch?v=SCR5FkHAFiQ,
285,Drone Shark App,FRIENDLY SHARK ENCOUNTER,https://www.youtube.com/watch?v=vlBujn0gjic,
286,Drone Shark App,SHARK HANGS WITH HUMANS ‚ù§Ô∏è,https://www.youtube.com/watch?v=jcxdRmzPu5M,
287,Drone Shark App,You‚Äôll love this if you LOVE SHARKSüíï,https://www.youtube.com/watch?v=5pp_DTP94Vs,
288,Drone Shark App,11 Sharks at dolphin point,https://www.youtube.com/watch?v=6ldEKUlicNI,
289,Drone Shark App,Shark races human and Ray riding Ray,https://www.youtube.com/watch?v=71s7tKGLMls,
290,Drone Shark App,SHARK interacts with humans,https://www.youtube.com/watch?v=_FkKgQYtfFc,
291,Drone Shark App,GoPro footage from a line off my drone of Great White Sharks,https://www.youtube.com/watch?v=xtmfpnH2_gE,
292,Drone Shark App,Curious #greatwhiteshark,https://www.youtube.com/watch?v=pL3CGbbrAvQ,
293,Drone Shark App,Big fish hang out with beautiful GREAT WHITE SHARK üíï,https://www.youtube.com/watch?v=wZnXidpD1Tk,
294,Drone Shark App,5 Great whites in one morning,https://www.youtube.com/watch?v=Cq9KJZDpjTE,
295,Drone Shark App,Big shark heading towards a pod of Dolphins,https://www.youtube.com/watch?v=JUtCHA97Z9w,
296,Drone Shark App,Great white shark week,https://www.youtube.com/watch?v=pr9B4RrWIM8,
297,Drone Shark App,Shark eyes off swimmer,https://www.youtube.com/watch?v=wBhmE6Fyw1c,
298,Drone Shark App,Great white shark attacks fish,https://www.youtube.com/watch?v=BKuUrAHO6-o,
299,Drone Shark App,Massive great white,https://www.youtube.com/watch?v=i2NU58D0RXo,
300,South Fork Salt,Breaching Whale Scares Shark,https://www.youtube.com/watch?v=055WNjCKAqQ,
301,South Fork Salt,"Bluefin Tuna, Sharks, Whale Terrorize Bunker",https://www.youtube.com/watch?v=YLkGStff0G0,
302,South Fork Salt,Whale Surfs a Shark-Filled Wave to Feed on Fish,https://www.youtube.com/watch?v=xbpbauJgv4A,
303,South Fork Salt,Dolphins Scare Shark From Dinner,https://www.youtube.com/watch?v=1-FseBKKiSw,
304,South Fork Salt,Whale Breach Scares 6 Sharks,https://www.youtube.com/watch?v=k1pw1cGy2hg,
305,South Fork Salt,Shark Kills Fish By Beach,https://www.youtube.com/watch?v=tZ4eMSSLUrs,
306,South Fork Salt,Shark Sneaks up on Bunker,https://www.youtube.com/watch?v=9NQT75qhgbc,
307,South Fork Salt,Wary Spinner Sharks Arrive in NY 7/5/22,https://www.youtube.com/watch?v=2v8dHMuWak0,
308,South Fork Salt,Solo Shark in Blue Water,https://www.youtube.com/watch?v=_aSfwVe-EKo,
309,South Fork Salt,Swimmer Enters Sharkville,https://www.youtube.com/watch?v=t6-TXPhgbJ8,
310,South Fork Salt,Drone- Great White Sharks Attacking Bunker Near Shore in NY,https://www.youtube.com/watch?v=FKBPiD6SKR0,
311,South Fork Salt,Drone- Big Thresher Shark Hunts NY Beach,https://www.youtube.com/watch?v=SXIyLnCFutk,
312,South Fork Salt,Sharks Breaching on Drone in NY - How Spinner Sharks Got Their Name,https://www.youtube.com/watch?v=HLAQWO7VJ3g,
313,South Fork Salt,NY Sharks Near Surfers - drone,https://www.youtube.com/watch?v=KniD3gRLC_Y,
314,South Fork Salt,"Whale Scares Shark, Helps Tuna Attack Fish",https://www.youtube.com/watch?v=zh-sP5rZtlY,
315,South Fork Salt,Drone Close-up: Shark Feeding Frenzy at NY Beach in 4K,https://www.youtube.com/watch?v=eHFtskabio0,
316,South Fork Salt,Shark Warzone Along Hamptons Beaches,https://www.youtube.com/watch?v=iPBPtHyfe_o,
317,South Fork Salt,Drone - 500 Pound Thresher Shark Caught Near Shore in NY,https://www.youtube.com/watch?v=WtsLvByMwE8,
318,South Fork Salt,Sharks Attacking Fish - Drone 4K,https://www.youtube.com/watch?v=HGqZroRQtZI,
319,South Fork Salt,Dozens of Sharks Attacking Bunker Nearshore,https://www.youtube.com/watch?v=Db9ONCT3QhI,
320,South Fork Salt,Giant Tuna and Sharks Near Shore Attacking Bunker,https://www.youtube.com/watch?v=ePxFahEL_3Q,
321,South Fork Salt,Schooling Sharks on Bunker PREVIEW,https://www.youtube.com/watch?v=mxmXMASBeIk,
322,South Fork Salt,"Sharks on Giant, Merging Bunker Schools",https://www.youtube.com/watch?v=Na5EhFyoXZc,
323,South Fork Salt,Nearshore Shark on Llama-shaped Bunker,https://www.youtube.com/watch?v=VIU8ld0Zwx4,
324,South Fork Salt,Hamptons Sharks Attacking Bunker Near Shore- July 2019 Drone Footage,https://www.youtube.com/watch?v=CgzWWqFowC4,
325,GreatWhiteDronE,"Great White Sharks From a Professional Standpoint, and I Interview Multiple Surfers",https://www.youtube.com/watch?v=LhMUFlVOfu4,
326,GreatWhiteDronE,Best Great White Shark Drone Footage of 2022 (Narrated),https://www.youtube.com/watch?v=4ygUzpk2p9E,
327,GreatWhiteDronE,Great White Sharks in Crystal Clear Shallow Water and in Large Numbers in the Winter!,https://www.youtube.com/watch?v=_YP6xPoULxs,
328,GreatWhiteDronE,Great White Sharks Interact Close to Humans & I Find a Large Shark in the Waves,https://www.youtube.com/watch?v=yW0M0ZQ6jgo,
329,GreatWhiteDronE,Great White Sharks Exploring the Shallows in Large Numbers,https://www.youtube.com/watch?v=JH009WXHrl0,
330,GreatWhiteDronE,Great White Sharks on the Surface in SHALLOW WATER Near Shore and I find Over 20 Sharks at Sunset!,https://www.youtube.com/watch?v=51A5xPcxegw,
331,GreatWhiteDronE,Rare Footage of a Yellowtail Rubbing itself on a Shark and I film More Shark Encounters with Humans,https://www.youtube.com/watch?v=qJD5gGLgLKw,
332,GreatWhiteDronE,Great White Sharks Interact With Other Wildlife in Southern California,https://www.youtube.com/watch?v=fRUFv2owumE,
333,GreatWhiteDronE,Thanks For 15K Subs! (Great White Sharks in Southern California Close to Shore),https://www.youtube.com/watch?v=8k25fML7CLU,
334,GreatWhiteDronE,Great White Sharks Enjoying The Water (Music Made by me),https://www.youtube.com/watch?v=QgpEsYFE3Wo,
335,GreatWhiteDronE,Santa Barbara Great White Sharks (Earth Day),https://www.youtube.com/watch?v=zgD_AOkMnL8,
336,GreatWhiteDronE,Large Great White Shark Approaches Family of Surfers,https://www.youtube.com/watch?v=mN9Nc61mb1s,
337,GreatWhiteDronE,I Found my First Great White Shark one Year Ago,https://www.youtube.com/watch?v=vF6KR_I7ERs,
338,GreatWhiteDronE,First Great White Shark I've Seen in San Diego 2022 Possibly Sleeping!,https://www.youtube.com/watch?v=nFZb5gPpbvk,
339,GreatWhiteDronE,Biggest Great White Sharks in San Diego of 2021,https://www.youtube.com/watch?v=QlcoM6e3syE,
340,GreatWhiteDronE,Best Great White Shark Drone Footage of 2021 (Part 2),https://www.youtube.com/watch?v=Z2NbG3p3zFE,
341,GreatWhiteDronE,Best Great White Shark Drone Footage of 2021 (Narrated),https://www.youtube.com/watch?v=bX7uYj01ufo,
342,GreatWhiteDronE,Great White Shark IDs and Names,https://www.youtube.com/watch?v=EIcg1YPFCfg,
343,GreatWhiteDronE,"2 Minutes of Relaxing, Amazing Great White Shark Footage in 4k",https://www.youtube.com/watch?v=GN45jCcl2co,
344,GreatWhiteDronE,A Great White Shark Opens its Mouth and I spot 2.5 ft Baby Dolphins,https://www.youtube.com/watch?v=AxLk_M4srzY,
345,GreatWhiteDronE,This is One of the Most Misunderstood Great White Shark Clips Right Now,https://www.youtube.com/watch?v=-RUp7yg0KVc,
346,GreatWhiteDronE,Great White Shark gets SURROUNDED by Surfers: Surfers run Over Sharks and Have no Idea | 4k,https://www.youtube.com/watch?v=015ZgTCdUNE,
347,GreatWhiteDronE,"Tails, The Great White Shark With a Boat Strike Scar: Detailed Images of Her Injury",https://www.youtube.com/watch?v=xDJR-LFvPc0,
348,GreatWhiteDronE,Great White Sharks in the Early Morning: A Shark Gets Inches Away From Thousands of Stingrays,https://www.youtube.com/watch?v=MV2ONTbde18,
349,GreatWhiteDronE,Great White Sharks Aggregate by the Dozens & I film a 5.5 Foot Shark,https://www.youtube.com/watch?v=0rBvSOEUQyQ,
350,GreatWhiteDronE,Great White Sharks Yards Away From Shore in SHALLOW WATER!,https://www.youtube.com/watch?v=qHF0Al0sfEg,
351,GreatWhiteDronE,Searching For Great White Sharks With TheMalbuArtist!,https://www.youtube.com/watch?v=A7WJl71QX6g,
352,GreatWhiteDronE,Great White Sharks in Southern California | Shark Awareness Day/Shark Week,https://www.youtube.com/watch?v=-ONQEoE0zHQ,
353,GreatWhiteDronE,Great White Sharks at Sunset in Southern California,https://www.youtube.com/watch?v=JVj5gR4JdME,
354,GreatWhiteDronE,Massive 12 Ft Great White Sharks Passing Close to Shore in San Diego | 4K,https://www.youtube.com/watch?v=6eDAlILW5BY,
355,GreatWhiteDronE,Great White Sharks Breaching High in The Air in 4k!,https://www.youtube.com/watch?v=X964-sihiCc,
356,GreatWhiteDronE,HUNDREDS of Leopard Sharks at La Jolla Shores | 4k | Amazing Drone Footage,https://www.youtube.com/watch?v=CUg2i-4xP4U,
357,GreatWhiteDronE,2 Minutes of Relaxing 4K Great White Shark Footage,https://www.youtube.com/watch?v=pdJ84beXQHM,
358,GreatWhiteDronE,9 GREAT WHITE SHARKS IN ONE TAKE!,https://www.youtube.com/watch?v=rzEyClprYOY,
359,GreatWhiteDronE,Snorkeler Encounters Great White Shark (Narrated) 4k,https://www.youtube.com/watch?v=9ORxoIdxdBY,
360,GreatWhiteDronE,"Best Drone Footage March-June 2021 feat.(Dolphins, Sharks, Whales) (4k)",https://www.youtube.com/watch?v=x1koZkIS-IE,
361,TheMalibuArtist,Best Great White Shark Footage 22'-AMBIENT/Non-Narrated Version,https://www.youtube.com/watch?v=yFnqFg1BNog,
362,TheMalibuArtist,Guadalupe Island Closure Puts Big Sharks At Risk: OCEAN TALKS,https://www.youtube.com/watch?v=hyzc9V5G6jw,
363,TheMalibuArtist,"Drone Footage of Lemon, Nurse, & Tiger Sharks in Brazil: Fernando De Noronha-PART 1",https://www.youtube.com/watch?v=KJeFiekbkKE,
364,TheMalibuArtist,Best Great White Shark Drone Footage 2022 (Narrated),https://www.youtube.com/watch?v=vbJaP1jq9BM,
365,TheMalibuArtist,Finding Sharks! Channel Update,https://www.youtube.com/watch?v=ZzHfirhUlL8,
366,TheMalibuArtist,Great White Shark vs Sea Lion: Incredible Chase,https://www.youtube.com/watch?v=6JAwC3JfJJs,
367,TheMalibuArtist,Small Boat Rams Into Great White Shark Head On,https://www.youtube.com/watch?v=yYuh_TNLThg,
368,TheMalibuArtist,Bird Drops a Surprise on Great White Shark & More Incredible Observations.,https://www.youtube.com/watch?v=Pj_PED2aksw,
369,TheMalibuArtist,Great White Shark Surprises Kayak Fishermen,https://www.youtube.com/watch?v=QpkuR4UuXVs,
370,TheMalibuArtist,Surfer Reacts to Great White Shark Encounter,https://www.youtube.com/watch?v=908_pDw8xnE,
371,TheMalibuArtist,Large Great White Sharks Near Shore in Cape Cod,https://www.youtube.com/watch?v=PX1u5ecQBkQ,
372,TheMalibuArtist,Great White Shark's Close Encounter with a Surfer: A Shark Hunts for Sting Rays,https://www.youtube.com/watch?v=I3_XiuSk_Lw,
373,TheMalibuArtist,Great White Sharks From Above: A New Perspective,https://www.youtube.com/watch?v=6zioDkOh6mY,
374,TheMalibuArtist,The Killing of Several Bull Sharks Overshadows Florida's Beautiful Coast,https://www.youtube.com/watch?v=wKG9l8f96DY,
375,TheMalibuArtist,Kayakers Don't Realize Large Great White Shark Beneath Them: A Red Tide Arrives.,https://www.youtube.com/watch?v=jPaRhn4yXEc,
376,TheMalibuArtist,Shark With a Gun Shot Wound? Swimmer's Close Encounter with Great White Shark,https://www.youtube.com/watch?v=jH--FiUMIzE,
377,TheMalibuArtist,Dolphins vs Great White Sharks & Shark Breaches Completely Out of The Water,https://www.youtube.com/watch?v=r2SwV9uZE8w,
378,TheMalibuArtist,Large Great White Shark Near Shore & Pelicans Divebombing Sharks: Humans getting too Comfortable?,https://www.youtube.com/watch?v=H-wYD-U_4Fw,
379,TheMalibuArtist,SpaceX Rocket Launch & Great White Shark Nearby!,https://www.youtube.com/watch?v=B8SoE-qg5RM,
380,TheMalibuArtist,Great White Sharks : 12 Minutes Non-Narrated Footage for Relaxing (4K),https://www.youtube.com/watch?v=FTWl_20F1mk,
381,TheMalibuArtist,Great White Sharks Can Get a Tan?,https://www.youtube.com/watch?v=kTl6qChoS9Q,
382,TheMalibuArtist,Very Large Pregnant Great White Shark Visits California Beach & Sharks Chilling In Kelp Beds.,https://www.youtube.com/watch?v=jKdZGTmLNlA,
383,TheMalibuArtist,Fatal Great White Shark Encounter in Australia-OCEAN TALKS,https://www.youtube.com/watch?v=b9tlwxYCXyg,
384,TheMalibuArtist,Great White Shark Takes Bite at Kelp & Incredible Slow Motion Footage,https://www.youtube.com/watch?v=cbqYMCeVM-4,
385,TheMalibuArtist,Dead Whale Attracts Largest Great White I've Filmed in California: Plus Hundreds of Leopard Sharks!,https://www.youtube.com/watch?v=trffTO2w_24,
386,TheMalibuArtist,Hammerhead Shark Attack In Malibu? OCEAN TALKS,https://www.youtube.com/watch?v=IOuzp8SvrOg,
387,TheMalibuArtist,Best Great White Shark Footage of 2021 (PART 2),https://www.youtube.com/watch?v=5WUNwJyhT-E,
388,TheMalibuArtist,Best Great White Shark Drone Footage of 2021 (Narrated),https://www.youtube.com/watch?v=dQ1ZOfb8acg,
389,TheMalibuArtist,Swimmer Encounters Great White Shark: Shark Scientist Explains its Behavior,https://www.youtube.com/watch?v=EQYzJTRuleo,
390,TheMalibuArtist,Drone Footage of a Great White Shark Sleeping? It's Possible.,https://www.youtube.com/watch?v=rEIDhzVpB7A,
391,TheMalibuArtist,Why So Many Great White Sharks in Southern California? Recent Swimmer-Surfer Shark Encounters,https://www.youtube.com/watch?v=KasDl0b0_Oo,
392,TheMalibuArtist,"Great White Shark Breaches Right Behind Us & the Search for ""Arrow"" Continues",https://www.youtube.com/watch?v=bCaEQMxVvZI,
393,TheMalibuArtist,"Drone Footage of Great White Sharks, Surfers, & Dolphins Together All at Once.",https://www.youtube.com/watch?v=RA39Xkk3o2Q,
394,TheMalibuArtist,A Great White Shark Does Something I've Never Seen Before. What is this?,https://www.youtube.com/watch?v=my0TRtTagb4,
395,TheMalibuArtist,Great White Sharks Just Chilling with Surfers,https://www.youtube.com/watch?v=O3c6i85spTY,
396,TheMalibuArtist,Great White Shark & Whale Shark Together! Rare Footage,https://www.youtube.com/watch?v=HvL2EEni4to,
397,TheMalibuArtist,This is the Moment I Found a Whale Shark & Marlin: An Amazing Learning Experience From Above & Below,https://www.youtube.com/watch?v=INQDGYUJfF0,
398,TheMalibuArtist,This is the largest Great White Shark I've Seen this Year & My Camera Catches a Fin from Shore.,https://www.youtube.com/watch?v=v4DSbDIsBj8,
399,TheMalibuArtist,I Found A Bull Shark in the Sea of Cortez but it's the Dolphins that Took My Breath Away.,https://www.youtube.com/watch?v=0JiMKy8GoW4,
400,TheMalibuArtist,Great White Sharks at One of LA's Busiest Beaches,https://www.youtube.com/watch?v=1_nNGf0_tDs,
401,TheMalibuArtist,What Bit this White Shark? & Footage From California You Have to See to Believe,https://www.youtube.com/watch?v=EZZAJ5hIVeo,
402,TheMalibuArtist,"I Found a Whale Shark, a Bull Shark, & So Much More While Exploring the Sea of Cortez. PART 1",https://www.youtube.com/watch?v=Vn0_VTpjzYg,
403,TheMalibuArtist,Boat Runs Aground & Great White Sharks Appear: I Interview a Surfer After an Encounter,https://www.youtube.com/watch?v=5HRFYhfCqLw,
404,TheMalibuArtist,Great White Sharks in Infrared & Footage You've Never Seen Before.,https://www.youtube.com/watch?v=X0i5ndMWSBM,
405,TheMalibuArtist,Two Kids Swim Near a Great White Shark & People May Be Fishing For White Sharks in California,https://www.youtube.com/watch?v=dj4Uo3jowx8,
406,TheMalibuArtist,Young Swimmer Near Juvenile Great White Shark,https://www.youtube.com/watch?v=gU7wSAN2MZo,
407,TheMalibuArtist,Close Encounter: Surfer Touches Great White Shark & Doesn't Realize It,https://www.youtube.com/watch?v=wFhqmLCqEu8,
408,TheMalibuArtist,Great White Shark Encounters a Surfer & a Curious Young Shark Engages with Pollution.,https://www.youtube.com/watch?v=08odJ7pIKW0,
409,TheMalibuArtist,Swimmers Close to Great White Sharks: An April of Encounters,https://www.youtube.com/watch?v=PLbcrSX_BAk,
410,TheMalibuArtist,Paddleboarder Falls Near a Great White Shark/ Over 20 Sharks Near Shore!,https://www.youtube.com/watch?v=vZ0lkBM-Haw,
411,TheMalibuArtist,Paddleboarder Doesn't Notice White Shark & I Film More Sharks with Dolphins,https://www.youtube.com/watch?v=tsTGibQ5dYE,
412,TheMalibuArtist,Great White Shark is Missing Part of its Pectoral Fin.,https://www.youtube.com/watch?v=PxQTL4N2RQw,
413,TheMalibuArtist,Surfers Exit Water After I Warn Them White Shark Approaches,https://www.youtube.com/watch?v=20Sb3iYTldE,
414,TheMalibuArtist,Best Great White Shark Drone Footage -AMBIENT/Non-Narrated Version,https://www.youtube.com/watch?v=mT4bBMeCQJ8,
415,TheMalibuArtist,Birds Show No Fear to Injured Great White Shark: Will it Survive?,https://www.youtube.com/watch?v=jAUsFs87308,
416,TheMalibuArtist,Great White Sharks Greet Each Other & I Find The Injured Shark Again,https://www.youtube.com/watch?v=ZlqTQUiq5ys,
417,TheMalibuArtist,Great White Shark Leaps Toward Drone: What is Going on Here?,https://www.youtube.com/watch?v=l98O7BaqmaE,
418,TheMalibuArtist,Best Great White Shark Drone Footage of 2020 (Narrated),https://www.youtube.com/watch?v=Ile5NS7ucec,
419,TheMalibuArtist,Great White Shark Appears Behind a Paddleboarder & I Capture Some of My Closest Footage,https://www.youtube.com/watch?v=azVomH0NKIk,
420,TheMalibuArtist,Kayakers Have No Idea Two Great White Sharks Are Following Them,https://www.youtube.com/watch?v=ikh_rvlqBSE,
421,TheMalibuArtist,Birds Get a Great White Shark Surprise & a Shark Chases A Shadow.,https://www.youtube.com/watch?v=0d83W147I9U,
422,TheMalibuArtist,Paddleboarder Doesn't Know a Great White Shark is Right Next to Him,https://www.youtube.com/watch?v=xym64NUCJTw,
423,TheMalibuArtist,Great White Sneaks Up on Family: My Drone Alerts Them of the Shark,https://www.youtube.com/watch?v=2Wm4voruMSY,
424,TheMalibuArtist,My Drone Warns Swimmers of a Shark & I Find Another One Injured-Close Up Footage.,https://www.youtube.com/watch?v=TX2d5sWbiyY,
425,TheMalibuArtist,Great White Sharks Swim Through Thousands of Anchovies,https://www.youtube.com/watch?v=bAULNAigaK8,
426,TheMalibuArtist,Juvenile Great White Sharks: Peaceful Natural Footage,https://www.youtube.com/watch?v=SrCDrGReLlw,
427,TheMalibuArtist,Swimmer Encounters Great White Shark,https://www.youtube.com/watch?v=_sJmFkmp5l8,
428,TheMalibuArtist,Great White Sharks Devour Dolphin Carcass: Additional Footage & My Perspective (4K),https://www.youtube.com/watch?v=avmeR-ewpv8,
429,TheMalibuArtist,Dolphins Approach Great White Shark,https://www.youtube.com/watch?v=eUWb4YMhF0Q,
430,TheMalibuArtist,Great White Observations: 2 Minutes of Tranquility,https://www.youtube.com/watch?v=E5JF_9GdHz4,
431,TheMalibuArtist,Great White Shark Observations: 07-01-20,https://www.youtube.com/watch?v=xEsGWz4-T1M,
432,TheMalibuArtist,Recent Great White Shark Observations on the Coast,https://www.youtube.com/watch?v=7EsSTx1AoIE,
433,TheMalibuArtist,Great White Sharks Feast on a Dolphin,https://www.youtube.com/watch?v=36JcLKhUWoI,
434,TheMalibuArtist,"Malibu, CA-Gray Whale & Great White Shark",https://www.youtube.com/watch?v=QYoEPxiZ-y0,
435,Joey Paesano (Giuseppe),"Shark Bites And Drone Flights (Shark Bite Capital) New Smyrna Beach, FL",https://www.youtube.com/watch?v=j8E1VrLyYic,
436,Joey Paesano (Giuseppe),Proof! Sharks Aren't Man-Eaters. Drone Footage Of Sharks Near Surfers.,https://www.youtube.com/watch?v=cWJ-jhhqsyg,
437,Joey Paesano (Giuseppe),New Shark Drone Footage Florida. New Dolphin Drone Footage. Drone Beach Footage 2021. Sharks Videos.,https://www.youtube.com/watch?v=lhQB6ss9fBU,
438,Joey Paesano (Giuseppe),Guess How Many SHARKS I Saw At The Beach Today!? YOU WON'T BELIEVE IT! (DJI Drone Adventures),https://www.youtube.com/watch?v=Kwpoe7WwQ_k,
439,Joey Paesano (Giuseppe),Awesome Shark Drone Footage. Sharks Swimming Close To Surfers. Real Shark Video.,https://www.youtube.com/watch?v=jRz3qFGiFKY,
440,Joey Paesano (Giuseppe),New Shark Drone Video. Shark Swimming Close To Surfer. Sharks At Beach In Florida.,https://www.youtube.com/watch?v=Pl-v4npWBrk,
441,Joey Paesano (Giuseppe),New Shark Drone Video. Sharks Near Surfers. Welcome To The Shark Bite Capital Of The World.,https://www.youtube.com/watch?v=8s7ZtgLTtEk,
442,Joey Paesano (Giuseppe),"Shark Drone Footage. Sharks EVERYWHERE At New Smyrna Beach, FL. Shark Bite Capital. It's Story Time.",https://www.youtube.com/watch?v=KNGSIcpFa_k,
443,Joey Paesano (Giuseppe),Testing Out A New Shark Repellent | Shark Deterrent | Shark Drone Footage | Surfer Repels Sharks?,https://www.youtube.com/watch?v=v4zeJLXCmvA,
444,Joey Paesano (Giuseppe),Amazing Shark Drone Footage | Sharks Hunting In The Shallows | Sharks Stalk Surfers At NSB Inlet,https://www.youtube.com/watch?v=4LgRJsW_tnM,
445,Joey Paesano (Giuseppe),Sharks On A Florida Beach. Cool Shark Drone Footage For The Shark Lover. (Shark Trap Beat).,https://www.youtube.com/watch?v=p6-AkU9KA2Y,
446,Joey Paesano (Giuseppe),Sharks Swimming Close To Surfers. BIG Sharks Swimming Close To Shore In Shallow Waters. Part Two.,https://www.youtube.com/watch?v=NSdwo1NUyRY,
447,Joey Paesano (Giuseppe),Sharks Swimming Close To Surfers. Big Shark Swimming Close To Shore In Shallow Waters. Part One.,https://www.youtube.com/watch?v=Sov8bo-9RNE,
448,Joey Paesano (Giuseppe),"Shark Drone Footage At Shark Bite Capital Of The World, New Smyrna Beach, FL. Shark Aerial View. NSB",https://www.youtube.com/watch?v=gzjNHBxd3aY,
449,HYDROPHILIK,Surrounded by SHARKS!!! | Florida Shark Migration | Amazing 4K Drone Footage,https://www.youtube.com/watch?v=PqMo55JDBN4,
450,HYDROPHILIK,SHARK FEEDING FRENZY on the Beach in 4K!!! | Florida Mullet Run | Shark Drone Video,https://www.youtube.com/watch?v=WI0QDL09VWo,
451,HYDROPHILIK,Surfer Falls on SHARK!!! | Amazing 4K Drone Footage | DJI Mavic Air,https://www.youtube.com/watch?v=3YeVsdqsS78,
452,HYDROPHILIK,SHARKS & TARPON FEEDING TOGETHER!!! | Mullet Run | 4K Mavic Pro Drone Footage,https://www.youtube.com/watch?v=T0n9tbqA-Q4,
453,HYDROPHILIK,Florida Shark Migration by Drone!!! | DJI Mavic Pro | Amazing 4K Footage,https://www.youtube.com/watch?v=yrR2tCOcFSY,
454,HYDROPHILIK,Sharks Approach Surfers!! | DJI Mavic Pro | Incredible 4K Drone Footage | Fort Pierce Inlet,https://www.youtube.com/watch?v=TyDlME_7EL0,
455,The Rogue Droner,White Shark Hunts Beach Walkers - Shark Drone Footage,https://www.youtube.com/watch?v=Ka7aKbDuEHs,
456,The Rogue Droner,WHITE SHARK vs. BEACH FISHERMEN - Shark Drone Footage,https://www.youtube.com/watch?v=lx9EPzmgNno,
457,The Rogue Droner,White Shark Dead - Tuncurry Beach NSW - 6/8/19,https://www.youtube.com/watch?v=NNbmK5jwFOE,
458,The Rogue Droner,WHITE SHARK HUNTS FAMILY - Shark Drone Footage,https://www.youtube.com/watch?v=KSL26l-tTK0,
459,The Rogue Droner,WHITE SHARK STALKS KIDS - Shark Drone Footage,https://www.youtube.com/watch?v=VrXp_PHUOUI,
460,The Rogue Droner,WHITE SHARK STALKS LONE SURFER - Shark Drone Footage,https://www.youtube.com/watch?v=3VaPTsf35Zw,
461,The Rogue Droner,WHITE SHARK STALKS BODYBOARDERS - Shark Drone Footage,https://www.youtube.com/watch?v=iAu0Y5nsCiU,
462,The Rogue Droner,White Shark Hunts Preschool Kids - Shark Drone Footage,https://www.youtube.com/watch?v=PlyMeA1__tY,
463,The Rogue Droner,WHITE SHARK HAUNTS SURFERS - Shark Drone Footage,https://www.youtube.com/watch?v=5TtCt_iNWcA,
464,The Rogue Droner,WHITE SHARK HUNTS 3 TOURISTS - Shark Drone Footage,https://www.youtube.com/watch?v=Ij8D1Xcn4CM,
465,The Rogue Droner,WHITE SHARK HUNTS DOG OWNERS - Shark Drone Footage,https://www.youtube.com/watch?v=8dt2VkVVWlk,
466,The Rogue Droner,White Shark Swims Close To Beach - Drone Footage,https://www.youtube.com/watch?v=R_Yha0PUPBs,
467,The Rogue Droner,WHITE SHARK STALKS SURFERS - Shark Drone Footage,https://www.youtube.com/watch?v=adOq_F7SMPQ,
